Present Date: 01/01/2025 17:44:22,,,,,,,,,,,
,,,,,,,,,,,
Field Name,Units,2024-11-19 07:46:00,2024-11-19 07:46:01,2024-11-19 07:46:02,2024-11-19 07:46:03,2024-11-19 07:46:04,2024-11-19 07:46:05,2024-11-19 07:46:05,2024-11-19 07:46:06,2024-11-19 07:46:07,2024-11-19 07:46:08
Packet_Index,,0,0,0,0,0,0,10,0,0,0
Loco_speed,KMPH,56,55,54,53,52,52,52,51,51,50
Acceleration,m/sec2,-0.3,-0.3,-0.3,-0.2,-0.2,-0.2,-0.2,-0.2,-0.2,-0.1
OHE_Volt_KV,KV,27.4,27.5,27.6,27.6,27.6,27.6,27.6,27.6,27.6,27.6
OHE_Current,Amps,62,29,13,4,3,3,3,2,2,2
Line_frequency,Hz,50,50,50,50,50,50,50,50,50,50
TE_BE_DemandPer,%,0,0,0,0,0,0,0,0,0,0
OP_Mode,NUM,PROPULSION,PROPULSION,PROPULSION,PROPULSION,PROPULSION,PROPULSION,PROPULSION,PROPULSION,PROPULSION,PROPULSION
Limit_Para,NUM,NO LIMIT,NO LIMIT,NO LIMIT,NO LIMIT,NO LIMIT,NO LIMIT,NO LIMIT,NO LIMIT,NO LIMIT,NO LIMIT
Limit_Para_BG1,NUM,NO LIMIT,NO LIMIT,NO LIMIT,NO LIMIT,NO LIMIT,NO LIMIT,NO LIMIT,NO LIMIT,NO LIMIT,NO LIMIT
Limit_Para_BG2,NUM,NO LIMIT,NO LIMIT,NO LIMIT,NO LIMIT,NO LIMIT,NO LIMIT,NO LIMIT,NO LIMIT,NO LIMIT,NO LIMIT
TE_BE_Bogie1_Per,%,0,0,0,0,0,0,0,0,0,0
TE_BE_Bogie2_Per,%,0,0,0,0,0,0,0,0,0,0
TE_BE_BG1_KN,KN,0,0,0,0,0,0,0,0,0,0
TE_BE_BG2_KN,KN,0,0,0,0,0,0,0,0,0,0
MCC1_Node,NUM,590,590,590,590,590,590,590,590,590,590
MCC2_Node,NUM,590,590,590,590,590,590,590,590,590,590
SLV_Node,NUM,0,0,0,0,0,0,0,0,0,0
Bogie1_DCLV,Volts,2357,2342,2326,2309,2298,2265,2276,2266,2251,2233
Bogie2_DCLV,Volts,2350,2336,2319,2304,2288,2271,2269,2257,2242,2228
Battery_Volt,Volts,100,100,100,100,100,99,100,100,100,100
BP_Pressure,Kg/cm2,5,5,5.1,5.1,5.1,5.2,5.2,5.2,5.3,5.4
Pneu_Demand_Per,%,0,0,0,0,0,0,0,0,0,0
Aux_Inp_Vol,Volts,1074,1092,1096,1097,1097,1100,1096,1099,1098,1096
Aux_Winding_I,Amps,12,9,11,14,18,11,18,12,23,40
Har_Filter_I,Amps,0,0,0,0,0,0,0,0,0,0
TM1_Stall_Torque,N-m,0,0,0,0,0,0,0,0,0,0
TM2_Stall_Torque,N-m,0,0,0,0,0,0,0,0,0,0
TM3_Stall_Torque,N-m,0,0,0,0,0,0,0,0,0,0
TM4_Stall_Torque,N-m,0,0,0,0,0,0,0,0,0,0
TM5_Stall_Torque,N-m,0,0,0,0,0,0,0,0,0,0
TM6_Stall_Torque,N-m,0,0,0,0,0,0,0,0,0,0
TM1_Torque_Ref,N-m,0,0,0,0,0,0,0,0,0,0
TM2_Torque_Ref,N-m,0,0,0,0,0,0,0,0,0,0
TM3_Torque_Ref,N-m,0,0,0,0,0,0,0,0,0,0
TM4_Torque_Ref,N-m,0,0,0,0,0,0,0,0,0,0
TM5_Torque_Ref,N-m,0,0,0,0,0,0,0,0,0,0
TM6_Torque_Ref,N-m,0,0,0,0,0,0,0,0,0,0
TM1_Torque_Fbk,N-m,0,0,0,0,0,0,0,0,0,0
TM2_Torque_Fbk,N-m,0,0,0,0,0,0,0,0,0,0
TM3_Torque_Fbk,N-m,0,0,0,0,0,0,0,0,0,0
TM4_Torque_Fbk,N-m,0,0,0,0,0,0,0,0,0,0
TM5_Torque_Fbk,N-m,0,0,0,0,0,0,0,0,0,0
TM6_Torque_Fbk,N-m,0,0,0,0,0,0,0,0,0,0
TM1_RPM,RPM,974,956,940,929,915,903,896,893,884,875
TM2_RPM,RPM,974,955,941,928,915,902,901,893,884,877
TM3_RPM,RPM,973,955,940,928,914,903,900,893,884,876
TM4_RPM,RPM,971,957,941,925,913,903,900,892,885,873
TM5_RPM,RPM,973,960,940,925,917,904,900,893,886,871
TM6_RPM,RPM,974,958,942,930,917,906,903,896,884,876
Average_RRPM,RPM,971,955,939,926,913,902,898,891,883,873
TM1_RPM_Limit,RPM,972,956,940,927,914,903,899,892,884,874
TM2_RPM_Limit,RPM,972,956,940,927,914,903,899,892,884,874
TM3_RPM_Limit,RPM,971,955,939,926,913,902,898,891,883,873
TM4_RPM_Limit,RPM,971,955,939,926,913,902,898,891,883,873
TM5_RPM_Limit,RPM,971,955,939,926,913,902,898,891,883,873
TM6_RPM_Limit,RPM,972,956,940,927,914,903,899,892,884,874
Wheel_Diameter_1,mm,1087,1087,1087,1087,1087,1087,1087,1087,1087,1087
Wheel_Diameter_2,mm,1087,1087,1087,1087,1087,1087,1087,1087,1087,1087
Wheel_Diameter_3,mm,1088,1088,1088,1088,1088,1088,1088,1088,1088,1088
Wheel_Diameter_4,mm,1088,1088,1088,1088,1088,1088,1088,1088,1088,1088
Wheel_Diameter_5,mm,1088,1088,1088,1088,1088,1088,1088,1088,1088,1088
Wheel_Diameter_6,mm,1087,1087,1087,1087,1087,1087,1087,1087,1087,1087
TM1_Stator_Temp,Deg c,67,67,67,67,67,67,67,67,67,67
TM2_Stator_Temp,Deg c,72,72,72,72,72,72,72,72,72,72
TM3_Stator_Temp,Deg c,74,74,74,74,74,74,74,74,74,74
TM4_Stator_Temp,Deg c,62,62,62,62,62,62,62,62,62,62
TM5_Stator_Temp,Deg c,68,68,68,68,68,68,68,68,68,68
TM6_Stator_Temp,Deg c,68,68,68,68,68,68,68,68,68,68
TI1_HS_Temp,Deg c,31,31,31,31,31,31,31,31,31,31
TI2_HS_Temp,Deg c,31,31,31,31,31,31,31,31,31,31
TI3_HS_Temp,Deg c,31,31,31,31,31,31,31,31,31,31
TI4_HS_Temp,Deg c,27,27,27,27,27,27,27,27,27,27
TI5_HS_Temp,Deg c,27,27,27,27,27,27,27,27,27,27
TI6_HS_Temp,Deg c,27,27,27,27,27,27,27,27,27,27
LC1_Phase_Temp,Deg c,31,31,31,31,31,31,31,31,31,31
LC2_Phase_Temp,Deg c,32,32,32,32,32,32,32,32,32,32
LC3_Phase_Temp,Deg c,28,28,28,28,28,28,28,28,28,28
LC4_Phase_Temp,Deg c,28,28,28,28,28,28,28,28,28,28
Bogie1_LTC_TM_Eff,%,88.4,88.4,88.4,88.4,88.4,88.4,88.4,88.4,88.4,88.4
Bogie2_LTC_TM_Eff,%,88.4,88.4,88.4,88.4,88.4,88.4,88.4,88.4,88.4,88.4
Bogie1_Ref_Power,KW,0,0,0,0,0,0,0,0,0,0
Bogie2_Ref_Power,KW,0,0,0,0,0,0,0,0,0,0
Bogie1_Fbk_Power,KW,0,0,0,0,0,0,0,0,0,0
Bogie2_Fbk_Power,KW,0,0,0,0,0,0,0,0,0,0
Bogie1_TM_Ref_Power,KW,0,0,0,0,0,0,0,0,0,0
Bogie2_TM_Ref_Power,KW,0,0,0,0,0,0,0,0,0,0
Bogie1_TM_Fbk_Power,KW,0,0,0,0,0,0,0,0,0,0
Bogie2_TM_Fbk_Power,KW,0,0,0,0,0,0,0,0,0,0
Conv1_Coolant_Temp,Deg c,32,32,32,32,32,32,32,32,32,32
Conv2_Coolant_Temp,Deg c,28,28,28,28,28,28,28,28,28,28
Conv1_Coolant_Pressure,Bar,0.1,0.1,0.1,0.1,0.1,0.1,0.1,0.1,0.1,0.1
Conv2_Coolant_Pressure,Bar,0.1,0.1,0.1,0.1,0,0.1,0.1,0.1,0.1,0.1
Bogie1_T_F_Oil_Temp,Deg c,49,49,49,49,49,49,49,49,49,49
Bogie2_T_F_Oil_Temp,Deg c,48,48,48,48,48,48,48,48,48,48
Bogie1_T_F_Oil_Pressure,Bar,0,0,0,0,0,0,0,0,0,0
Bogie2_T_F_Oil_Pressure,Bar,0,0,0,0,0,0,0,0,0,0
VCU1_MCC_Temp,Deg c,24,24,25,24,25,25,25,24,25,24
VCU1_DIP_Temp,Deg c,24,24,24,23,24,24,24,24,24,23
VCU1_DOP_Temp,Deg c,24,24,25,25,25,24,24,24,25,24
VCU2_MCC_Temp,Deg c,23,23,23,23,23,23,23,23,23,23
VCU2_DIP_Temp,Deg c,23,24,24,24,24,24,24,24,24,24
VCU2_DOP_Temp,Deg c,24,24,25,25,24,24,25,25,24,24
Avg_Power_Factor,NUM,0,0,0,0,0,0,0,0,0,0
Loco1_Status,NUM,0,0,0,0,0,0,0,0,0,0
Loco2_Status,NUM,153,153,153,153,153,153,153,153,153,153
Testmode_Number,NUM,0,0,0,0,0,0,0,0,0,0
Wheel_Dia_Calib_Fail_Cnt,NUM,0,0,0,0,0,0,0,0,0,0
Wdia_Attempts,NUM,0,0,0,0,0,0,0,0,0,0
VCB_Trip_Info,NUM,0,0,0,0,0,0,0,0,0,0
TE_BE_KN,KN,0,0,0,0,0,0,0,0,0,0
Energy_Cntr,NUM,9414,9415,9416,9417,9418,9419,9419,9420,9421,9422
Enrgy_data_MSW,NUM,255,255,255,255,255,255,255,255,255,255
Enrgy_data_LSW,NUM,65523,65522,65528,65529,65529,65530,65530,65528,65530,65527
VCU_Card_Sense,NUM,40383,40383,40383,40383,40383,40383,40383,40383,40383,40383
TM1_Shutdown_Type,NUM,0,0,0,0,0,0,0,0,0,0
TM2_Shutdown_Type,NUM,0,0,0,0,0,0,0,0,0,0
TM3_Shutdown_Type,NUM,0,0,0,0,0,0,0,0,0,0
TM4_Shutdown_Type,NUM,0,0,0,0,0,0,0,0,0,0
TM5_Shutdown_Type,NUM,0,0,0,0,0,0,0,0,0,0
TM6_Shutdown_Type,NUM,0,0,0,0,0,0,0,0,0,0
TM1_I_Peak,Amps,8,8,7,9,8,8,9,8,8,7
TM2_I_Peak,Amps,8,8,7,8,9,9,9,8,9,7
TM3_I_Peak,Amps,7,7,8,8,8,8,7,7,8,7
TM4_I_Peak,Amps,9,9,8,8,8,8,8,8,8,8
TM5_I_Peak,Amps,7,6,6,7,6,6,6,8,6,7
TM6_I_Peak,Amps,6,6,6,7,6,6,6,6,6,6
TM1CntrlWrdFbk,NUM,5124,5124,5124,5124,5124,5124,5124,5124,5124,5124
TM2CntrlWrdFbk,NUM,5124,5124,5124,5124,5124,5124,5124,5124,5124,5124
TM3CntrlWrdFbk,NUM,5124,5124,5124,5124,5124,5124,5124,5124,5124,5124
TM4CntrlWrdFbk,NUM,3084,3084,3084,3084,3084,3084,3084,3084,3084,3084
TM5CntrlWrdFbk,NUM,3084,3084,3084,3084,3084,3084,3084,3084,3084,3084
TM6CntrlWrdFbk,NUM,3084,3084,3084,3084,3084,3084,3084,3084,3084,3084
TM1_WSlip_Der,%,1000,1000,1000,1000,1000,1000,1000,1000,1000,1000
TM2_WSlip_Der,%,1000,1000,1000,1000,1000,1000,1000,1000,1000,1000
TM3_WSlip_Der,%,1000,1000,1000,1000,1000,1000,1000,1000,1000,1000
TM4_WSlip_Der,%,1000,1000,1000,1000,1000,1000,1000,1000,1000,1000
TM5_WSlip_Der,%,1000,1000,1000,1000,1000,1000,1000,1000,1000,1000
TM6_WSlip_Der,%,1000,1000,1000,1000,1000,1000,1000,1000,1000,1000
TC1_to_MCC_Flag,NUM,0,0,0,0,0,0,0,0,0,0
TC2_to_MCC_Flag,NUM,0,0,0,0,0,0,0,0,0,0
TC3_to_MCC_Flag,NUM,0,0,0,0,0,0,0,0,0,0
TC4_to_MCC_Flag,NUM,0,0,0,0,0,0,0,0,0,0
TC5_to_MCC_Flag,NUM,0,0,0,0,0,0,0,0,0,0
TC6_to_MCC_Flag,NUM,0,0,0,0,0,0,0,0,0,0
TM1_DCLV,Volts,2306,2291,2276,2260,2245,2230,2224,2215,2200,2186
TM2_DCLV,Volts,2311,2296,2281,2264,2250,2235,2230,2221,2204,2190
TM3_DCLV,Volts,2311,2297,2281,2265,2249,2235,2229,2220,2203,2191
TM4_DCLV,Volts,2310,2295,2279,2263,2248,2232,2228,2218,2204,2188
TM5_DCLV,Volts,2322,2306,2292,2275,2260,2244,2239,2231,2215,2201
TM6_DCLV,Volts,2309,2293,2277,2261,2245,2231,2227,2216,2200,2186
TM1_KW,kw,0,0,0,0,0,0,0,0,0,0
TM2_KW,kw,0,0,0,0,0,0,0,0,0,0
TM3_KW,kw,0,0,0,0,0,0,0,0,0,0
TM4_KW,kw,0,0,0,0,0,0,0,0,0,0
TM5_KW,kw,0,0,0,0,0,0,0,0,0,0
TM6_KW,kw,0,0,0,0,0,0,0,0,0,0
TI1_HS_Temp1,Deg c,31,31,31,31,31,31,31,31,31,31
TI2_HS_Temp1,Deg c,31,31,31,31,31,31,31,31,31,31
TI3_HS_Temp1,Deg c,31,31,31,31,31,31,31,31,31,31
TI4_HS_Temp1,Deg c,27,27,27,27,27,27,27,27,27,27
TI5_HS_Temp1,Deg c,27,27,27,27,27,27,27,27,27,27
TI6_HS_Temp1,Deg c,27,27,27,27,27,27,27,27,27,27
TI1_HS_Temp2,Deg c,30,30,30,30,30,30,30,30,30,30
TI2_HS_Temp2,Deg c,30,30,30,30,30,30,30,30,30,30
TI3_HS_Temp2,Deg c,29,29,29,29,29,29,29,29,29,29
TI4_HS_Temp2,Deg c,27,27,27,27,27,27,27,27,27,27
TI5_HS_Temp2,Deg c,27,27,27,27,27,27,27,27,27,27
TI6_HS_Temp2,Deg c,26,26,26,26,26,26,26,26,26,26
TM1_Stat_Temp1,Deg c,67,67,67,67,67,67,67,67,67,67
TM2_Stat_Temp1,Deg c,72,72,72,72,72,72,72,72,72,72
TM3_Stat_Temp1,Deg c,73,73,73,73,73,73,73,73,73,73
TM4_Stat_Temp1,Deg c,62,61,61,61,61,61,61,61,61,61
TM5_Stat_Temp1,Deg c,68,68,68,68,68,68,68,68,68,68
TM6_Stat_Temp1,Deg c,66,66,66,66,66,66,66,66,66,66
TM1_Stat_Temp2,Deg c,67,67,67,67,67,67,67,67,67,67
TM2_Stat_Temp2,Deg c,72,72,72,72,72,72,72,72,72,72
TM3_Stat_Temp2,Deg c,74,74,74,74,74,74,74,74,74,74
TM4_Stat_Temp2,Deg c,62,62,62,62,62,62,62,62,62,62
TM5_Stat_Temp2,Deg c,68,68,68,68,68,68,68,68,68,68
TM6_Stat_Temp2,Deg c,68,68,68,68,68,68,68,68,68,68
TIC1_Card_Amb_Temp,Deg c,-50,-50,-50,-50,-50,-50,-50,-50,-50,-50
TIC2_Card_Amb_Temp,Deg c,-50,-50,-50,-50,-50,-50,-50,-50,-50,-50
TIC3_Card_Amb_Temp,Deg c,-50,-50,-50,-50,-50,-50,-50,-50,-50,-50
TIC4_Card_Amb_Temp,Deg c,-50,-50,-50,-50,-50,-50,-50,-50,-50,-50
TIC5_Card_Amb_Temp,Deg c,-50,-50,-50,-50,-50,-50,-50,-50,-50,-50
TIC6_Card_Amb_Temp,Deg c,-50,-50,-50,-50,-50,-50,-50,-50,-50,-50
TM1_MCC_Status,NUM,0,0,0,0,0,0,0,0,0,0
TM2_MCC_Status,NUM,0,0,0,0,0,0,0,0,0,0
TM3_MCC_Status,NUM,0,0,0,0,0,0,0,0,0,0
TM4_MCC_Status,NUM,0,0,0,0,0,0,0,0,0,0
TM5_MCC_Status,NUM,0,0,0,0,0,0,0,0,0,0
TM6_MCC_Status,NUM,0,0,0,0,0,0,0,0,0,0
TM1_Trq_Der_Flags,NUM,0,0,0,0,0,0,0,0,0,0
TM2_Trq_Der_Flags,NUM,0,0,0,0,0,0,0,0,0,0
TM3_Trq_Der_Flags,NUM,0,0,0,0,0,0,0,0,0,0
TM4_Trq_Der_Flags,NUM,0,0,0,0,0,0,0,0,0,0
TM5_Trq_Der_Flags,NUM,0,0,0,0,0,0,0,0,0,0
TM6_Trq_Der_Flags,NUM,0,0,0,0,0,0,0,0,0,0
OHE_Volt_LC1,KV,27.4,27.5,27.5,27.6,27.5,27.6,27.6,27.5,27.5,27.5
OHE_Volt_LC2,KV,27.4,27.6,27.6,27.6,27.6,27.6,27.6,27.6,27.6,27.6
OHE_Volt_LC3,KV,27.4,27.5,27.6,27.6,27.6,27.6,27.7,27.6,27.6,27.6
OHE_Volt_LC4,KV,27.4,27.6,27.6,27.6,27.6,27.6,27.6,27.6,27.6,27.6
OHE_CurrentLC1,Amps,61.8,28.7,12.5,3.9,3,2.6,2.5,2.4,2.3,2.4
OHE_CurrentLC2,Amps,60.7,27.6,9.9,3.3,2.3,1.8,1.8,1.6,1.5,1.7
OHE_CurrentLC3,Amps,60.7,27.5,9.9,3.3,2.3,1.9,1.8,1.6,1.5,1.6
OHE_CurrentLC4,Amps,60.3,27.3,9.3,3.2,2.2,1.7,1.6,1.5,1.3,1.6
Is_LC1,Amps,0,0,0,0,0,0,0,0,0,0
Is_LC2,Amps,0,0,0,0,0,0,0,0,0,0
Is_LC3,Amps,0,0,0,0,0,0,0,0,0,0
Is_LC4,Amps,0,0,0,0,0,0,0,0,0,0
HL_I_LC1,Amps,17.8,15.2,15.2,15.2,15.2,15.2,12.7,15.2,12.7,15.2
HL_I_LC2,Amps,12.7,12.7,12.7,12.7,12.7,12.7,12.7,12.7,12.7,12.7
HL_I_LC3,Amps,7.6,7.6,10.2,7.6,10.2,7.6,7.6,10.2,7.6,7.6
HL_I_LC4,Amps,10.2,10.2,10.2,10.2,10.2,10.2,10.2,10.2,10.2,10.2
DCLV_LC1,Volts,2357.4,2342.2,2325.8,2309.2,2298.2,2264.6,2275.6,2265.9,2251,2227.1
DCLV_LC2,Volts,2357.4,2342.2,2325.8,2309.2,2298.2,2264.6,2275.6,2265.9,2251,2238.2
DCLV_LC3,Volts,2350.5,2335.8,2319.4,2303.8,2288.4,2272,2268.9,2257.1,2241.8,2228.2
DCLV_LC4,Volts,2350.5,2335.8,2319.4,2303.8,2286.9,2270.2,2268.9,2257.1,2241.8,2228.2
Line_Freq_LC1,Hz,50,50,50,50,50,50,50,50,50,50
Line_Freq_LC2,Hz,50,50,50,50,50,50,50,50,50,50
Line_Freq_LC3,Hz,50,50,50,50,50,50,50,50,50,50
Line_Freq_LC4,Hz,50,50,50,50,50,50,50,50,50,50
LC1_Master_Shutdown1,NUM,0,0,0,0,0,0,0,0,0,0
LC2_Master_Shutdown1,NUM,0,0,0,0,0,0,0,0,0,0
LC3_Master_Shutdown2,NUM,0,0,0,0,0,0,0,0,0,0
LC4_Master_Shutdown2,NUM,0,0,0,0,0,0,0,0,0,0
Har_Filt_I_LC1,Amps,0,0,0,0,0,0,0,0,0,0
Har_Filt_I_LC2,Amps,0,0,0,0,0,0,0,0,0,0
Har_Filt_I_LC3,Amps,0,0,0,0,0,0,0,0,0,0
Har_Filt_I_LC4,Amps,0,0,0,0,0,0,0,0,0,0
Aux_CurrentLC1,Amps,12.2,9.1,10.7,13.7,16.8,10.7,16.8,12.2,22.9,39.6
Aux_CurrentLC2,Amps,9.1,7.6,7.6,10.7,16.8,9.1,18.3,10.7,10.7,33.5
Aux_CurrentLC3,Amps,7.6,4.6,4.6,12.2,15.2,4.6,18.3,9.1,9.1,33.5
Aux_CurrentLC4,Amps,7.6,9.1,9.1,13.7,18.3,7.6,16.8,12.2,10.7,35.1
LC1_Ph_Temp1,Deg c,31.3,31.3,31.3,31.3,31.3,31.3,31.3,31.3,31.4,31.4
LC2_Ph_Temp1,Deg c,31.3,31.3,31.3,31.3,31.3,31.3,31.3,31.3,31.3,31.3
LC3_Ph_Temp1,Deg c,28.1,28.1,28.1,28.1,28.1,28.1,28.1,28.1,28.1,28.1
LC4_Ph_Temp1,Deg c,27.9,27.8,27.9,27.8,27.9,27.8,27.9,27.9,27.9,27.9
LC1_Ph_Temp2,Deg c,31.3,31.4,31.4,31.4,31.4,31.4,31.4,31.4,31.4,31.4
LC2_Ph_Temp2,Deg c,31.6,31.6,31.6,31.6,31.6,31.6,31.6,31.6,31.6,31.6
LC3_Ph_Temp2,Deg c,28.4,28.4,28.4,28.4,28.4,28.4,28.4,28.4,28.4,28.4
LC4_Ph_Temp2,Deg c,28.3,28.3,28.4,28.3,28.4,28.4,28.4,28.4,28.4,28.4
Conv1_CoolTmp1,Deg c,30.4,30.4,30.4,30.6,30.4,30.4,30.4,30.4,30.4,30.4
Conv1_CoolTmp2,Deg c,31.9,31.9,31.9,31.9,31.9,31.9,31.9,31.9,31.9,31.9
Conv2_CoolTmp1,Deg c,26.9,26.9,26.9,26.9,26.9,26.9,26.9,26.9,27.1,26.9
Conv2_CoolTmp2,Deg c,28.4,28.4,28.4,28.4,28.4,28.4,28.4,28.4,28.4,28.4
Conv1_Cool_Pr1,Bar,0.1,0.1,0.1,0.1,0,0.1,0.1,0.1,0.1,0.1
Conv1_Cool_Pr2,Bar,0.1,0.1,0.1,0.1,0.1,0.1,0.1,0.1,0.1,0.1
Conv2_Cool_Pr1,Bar,0.1,0.1,0.1,0.1,0.1,0.1,0.1,0.1,0.1,0.1
Conv2_Cool_Pr2,Bar,0.1,0.1,0.1,0.1,0,0.1,0.1,0.1,0.1,0.1
BG1_FOilTmp1,Deg c,48.2,48.2,48.2,48.2,48.2,48.2,48.2,48.2,48.2,48.2
BG1_TFOilTmp2,Deg c,48.6,48.6,48.6,48.6,48.6,48.6,48.6,48.6,48.6,48.7
BG2_TFOilTmp1,Deg c,48.2,48.2,48.2,48.2,48.2,48.2,48.2,48.2,48.2,48.2
BG2_TFOilTmp2,Deg c,47.9,47.9,47.9,47.9,47.9,47.9,47.9,47.9,47.9,47.9
BG1_TFOil_Pr1,Bar,0,0,0,0,0,0,0,0,0,0
BG1_TFOil_Pr2,Bar,0,0,0,0,0,0,0,0,0,0
BG2_TFOil_Pr1,Bar,0,0,0,0,0,0,0,0,0,0
LC1_MCC_Status,NUM,64,64,64,64,64,64,64,64,64,64
LC2_MCC_Status,NUM,64,64,64,64,64,64,64,64,64,64
LC3_MCC_Status,NUM,64,64,64,64,64,64,64,64,64,64
LC4_MCC_Status,NUM,64,64,64,64,64,64,64,64,64,64
LC3_Fan_out>,0,OFF,OFF,OFF,OFF,OFF,OFF,OFF,OFF,OFF,OFF
LC1_DIPHltStat,NUM,32639,32639,32639,32639,32639,32639,32639,32639,32639,32639
LC2_DIPHltStat,NUM,32639,32639,32639,32639,32639,32639,32639,32639,32639,32639
LC3_DIPHltStat,NUM,32639,32639,32639,32639,32639,32639,32639,32639,32639,32639
LC4_DIPHltStat,NUM,32639,32639,32639,32639,32639,32639,32639,32639,32639,32639
LC1_DOPHltStat,NUM,7039,7039,7039,7039,7039,7039,7039,7039,7039,7039
LC2_DOPHltStat,NUM,7039,7039,7039,7039,7039,7039,7039,7039,7039,7039
LC3_DOPHltStat,NUM,7039,7039,7039,7039,7039,7039,7039,7039,7039,7039
LC4_DOPHltStat,NUM,7039,7039,7039,7039,7039,7039,7039,7039,7039,7039
AC1_Input_Voltage,Volts,1077,1093,1095,1098,1097,1101,1099,1098,1098,1091
AC2_Input_Voltage,Volts,1078,1092,1097,1096,1098,1101,1099,1099,1100,1091
AC3_Input_Voltage,Volts,1074,1089,1092,1093,1092,1096,1094,1094,1093,1087
AC1_Input_Current,Amps,4,4,4,4,4,4,4,4,4,4
AC2_Input_Current,Amps,3,3,2,13,6,6,7,3,3,3
AC3_Input_Current,Amps,7,7,7,9,8,9,8,8,6,39
AC1_DCLV,Volts,365,364,363,363,362,362,363,363,362,361
AC2_DCLV,Volts,24,25,26,252,602,620,614,40,58,69
AC3_DCLV,Volts,54,54,53,188,596,652,524,633,644,559
AC1_DCLI,Amps,0,0,0,0,0,0,0,0,0,0
AC2_DCLI,Amps,0,0,0,10,0,0,0,0,0,0
AC3_DCLI,Amps,0,0,0,11,0,1,1,0,0,53
AC1_MCC_Ref_Vent_Level,NUM,0,0,0,0,0,0,0,0,0,0
AC2_MCC_Ref_Vent_Level,NUM,2,2,2,2,2,2,2,2,2,2
AC3_MCC_Ref_Vent_Level,NUM,3,3,3,3,3,3,3,3,3,3
AC1_Ref_Ventilation_Freq,Hz,0,0,0,0,0,0,0,0,0,0
AC2_Ref_Ventilation_Freq,Hz,47,47,47,47,47,47,47,47,47,47
AC3_Ref_Ventilation_Freq,Hz,50,50,50,50,50,50,50,50,50,50
AC1_Output_Frequency,Hz,0,0,0,0,0,0,0,0,0,0
AC2_Output_Frequency,Hz,0,0,0,0,0,1,0,0,0,0
AC3_Output_Frequency,Hz,0,0,0,0,0,1,3,6,11,16
AC1_RY_Ph_Volt,Volts,0,0,0,0,0,0,0,0,0,0
AC2_RY_Ph_Volt,Volts,0,0,0,0,0,0,0,0,0,0
AC3_RY_Ph_Volt,Volts,0,0,0,0,0,17,17,78,116,127
AC1_YB_Ph_Volt,Volts,0,0,0,0,0,0,0,0,0,0
AC2_YB_Ph_Volt,Volts,0,0,0,0,0,0,0,0,0,0
AC3_YB_Ph_Volt,Volts,0,0,0,0,0,13,13,78,118,126
AC1_R_Ph_Curr,Amps,0,0,0,0,0,0,0,0,0,0
AC2_R_Ph_Curr,Amps,0,0,0,0,0,0,0,0,0,0
AC3_R_Ph_Curr,Amps,0,0,0,0,0,27,27,34,42,83
AC1_Y_Ph_Curr,Amps,0,0,0,0,0,0,0,0,0,0
AC2_Y_Ph_Curr,Amps,0,0,0,0,0,0,0,0,0,0
AC3_Y_Ph_Curr,Amps,0,0,0,0,0,23,23,36,44,90
AC1_B_Ph_Curr,Amps,0,0,0,0,0,0,0,0,0,0
AC2_B_Ph_Curr,Amps,0,0,0,0,0,0,0,0,0,0
AC3_B_Ph_Curr,Amps,0,0,0,0,0,22,22,32,37,89
AC1_IpErLeak_I,mA,0,1,0,0,1,1,1,1,1,1
AC2_IpErLeak_I,mA,1,1,1,1,1,1,1,1,1,1
AC3_IpErLeak_I,mA,0,0,0,0,1,1,1,1,1,1
AC1_OpErLeak_I,mA,1,1,1,1,1,1,1,1,1,1
AC2_OpErLeak_I,mA,1,1,1,1,1,1,1,1,1,1
AC3_OpErLeak_I,mA,0,0,0,0,0,0,1,1,1,1
AC2_BATV,Volts,100,100,100,100,100,99,100,100,100,100
AC3_BATV,Volts,99,99,99,99,99,99,99,99,99,99
AC2_BATI,Amps,0,0,0,0,0,0,0,0,0,0
AC3_BATI,Amps,0,0,0,0,0,0,0,0,0,0
AC2_Batt_DCLV,Volts,548,436,348,276,216,168,168,168,168,192
AC3_Batt_DCLV,Volts,548,440,348,272,216,168,168,168,168,192
AC2_Bat_DCOp_V,Volts,99,99,99,99,99,99,99,99,99,99
AC3_Bat_DCOp_V,Volts,99,99,99,99,99,99,99,99,99,99
AC2_DC_Op_Curr,Amps,0,0,0,0,0,0,0,0,0,0
AC3_DC_Op_Curr,Amps,0,0,0,0,0,0,0,0,0,0
AC1_MCC_Status,NUM,0,0,0,0,0,0,0,0,0,0
AC2_MCC_Status,NUM,0,0,0,0,0,0,0,0,0,0
AC3_MCC_Status,NUM,0,0,0,0,0,0,0,0,0,0
AC1 DSP Heart Beat Fail,0,NO,NO,NO,NO,NO,NO,NO,NO,NO,NO
AC1 Packet Index Stuck,0,NO,NO,NO,NO,NO,NO,NO,NO,NO,NO
AC1_THY_HS_TMP,Deg c,22,22,22,22,22,22,22,22,22,22
AC1_INV_HS_TMP,Deg c,22,22,22,22,22,22,22,22,22,22
AC2_THY_HS_TMP,Deg c,33,33,33,33,33,33,33,33,33,33
AC2_INV_HS_TMP,Deg c,35,35,35,35,35,35,35,35,35,35
AC3_THY_HS_TMP,Deg c,25,25,25,25,25,25,25,25,25,25
AC3_INV_HS_TMP,Deg c,27,27,27,27,27,27,27,27,27,27
AC1_BKCHP_HS_TMP,Deg c,0,0,0,0,0,0,0,0,0,0
AC1_DCDC_HS_TMP,Deg c,0,0,0,0,0,0,0,0,0,0
AC2_BKCHP_HS_TMP,Deg c,0,0,0,0,0,0,0,0,0,0
AC2_DCDC_HS_TMP,Deg c,27,27,27,27,27,27,27,27,27,27
AC3_BKCHP_HS_TMP,Deg c,0,0,0,0,0,0,0,0,0,0
AC3_DCDC_HS_TMP,Deg c,27,27,27,27,27,27,27,27,27,27
AC1_INV_AMB,Deg c,0,0,0,0,0,0,0,0,0,0
AC1_CUB_AMB,Deg c,26,26,26,26,26,26,26,26,26,26
AC2_INV_AMB,Deg c,0,0,0,0,0,0,0,0,0,0
AC2_CUB_AMB,Deg c,31,31,31,31,31,31,31,31,31,31
AC3_INV_AMB,Deg c,0,0,0,0,0,0,0,0,0,0
AC3_CUB_AMB,Deg c,31,31,31,31,31,31,31,31,31,31
AC1DCLV770Cnt,NUM,0,0,0,0,0,0,0,0,0,0
AC1BCHFiredCnt,NUM,0,0,0,0,0,0,0,0,0,0
AC1_Input_Frequency,Hz,49.89,49.99,49.73,50.2,50.03,49.86,49.86,49.95,50.3,49.83
AC1_Dlg_Spr1,NUM,0,0,0,0,0,0,0,0,0,0
IC1_DCLV,NUM,365,364,364,363,362,362,363,363,362,362
AC1_Dlg_Spr6,NUM,0,0,0,0,0,0,0,0,0,0
AC1_Dlg_Spr7,NUM,0,0,0,0,0,0,0,0,0,0
AC1_Dlg_Spr8,NUM,0,0,0,0,0,0,0,0,0,0
AC1_Dlg_Spr9,NUM,0,0,0,0,0,0,0,0,0,0
AC1_Dlg_Spr10,NUM,0,0,0,0,0,0,0,0,0,0
AC2DCLV770Cnt,NUM,0,0,0,0,0,0,0,0,0,0
AC2BCHFiredCnt,NUM,0,0,0,0,0,0,0,129,129,129
AC2_Input_Frequency,Hz,49.9,50.25,49.97,49.98,49.7,49.84,50.04,49.87,49.8,49.98
AC2_Batt_Chrgr_TxF_Primary_Current,Amps,0,0,0,0,0,0,0,0,0,0
IC2_DCLV,NUM,25,26,27,219,594,631,611,42,59,70
AC2_Dlg_Spr5,NUM,0,0,0,0,0,0,0,0,0,0
AC2_Dlg_Spr6,NUM,0,0,0,0,0,0,0,0,0,0
AC3DCLV770Cnt,NUM,0,0,0,0,0,0,0,0,0,0
AC3BCHFiredCnt,NUM,0,0,0,0,0,0,0,0,0,0
AC3_Input_Frequency,Hz,49.69,50.19,49.97,49.97,49.98,49.99,50.05,49.59,50.1,49.8
AC3_Batt_Chrgr_TxF_Primary_Current,Amps,0,0,0,0,0,0,0,0,0,0
IC3_DCLV,NUM,55,55,55,182,594,658,530,632,659,548
ACC_Index,NUM,7697,7953,7442,7954,7954,7954,3868,7443,7955,7955
TC1_Status_Word,NUM,33028,33028,33028,33028,33028,33028,33028,33028,33028,33028
TMC1_Stall_Torque,N-m,0,0,0,0,0,0,0,0,0,0
TM1_Slip_Speed,RPM,6.9,6.9,6.9,6.9,6.9,6.9,6.9,6.9,6.9,6.9
TC1_Uph_Vcetype,NUM,0,0,0,0,0,0,0,0,0,0
TC1_Vph_Vcetype,NUM,0,0,0,0,0,0,0,0,0,0
TC1_Wph_Vcetype,NUM,0,0,0,0,0,0,0,0,0,0
TM1_PulseMode,NUM,9,9,9,9,9,9,9,9,9,9
TM1_DiffRPMCntr,NUM,54,54,54,54,54,54,54,54,54,54
TM1_IrphRMS,Amps,0,0,0,0,0,0,0,0,0,0
TM1_IyphRMS,Amps,0,0,0,0,0,0,0,0,0,0
TM1_IbphRMS,Amps,0,0,0,0,0,0,0,0,0,0
TM1_IrybSum,Amps,100,100,100,100,100,100,100,100,100,100
TM1_Vref,NUM,0,0,0,0,0,0,0,0,0,0
TM1_PFAngle,Deg,0,0,0,0,0,0,0,0,0,0
ACC_TC1_Para_1,NUM,0,0,0,0,0,0,0,0,0,0
ACC_TC1_Para_2,NUM,0,0,0,0,0,0,0,0,0,0
ACC_TC1_Para_3,NUM,100,100,100,100,100,100,100,100,100,100
ACC_TC1_Para_4,NUM,0,0,0,0,0,0,0,0,0,0
ACC_TC1_Para_5,NUM,38,38,38,38,38,38,38,38,38,38
TC2_Status_Word,NUM,33028,33028,33028,33028,33028,33028,33028,33028,33028,33028
TMC2_Stall_Torque,N-m,0,0,0,0,0,0,0,0,0,0
TM2_Slip_Speed,RPM,6.9,6.9,6.9,6.9,6.9,6.9,6.9,6.9,6.9,6.9
TC2_Uph_Vcetype,NUM,0,0,0,0,0,0,0,0,0,0
TC2_Vph_Vcetype,NUM,0,0,0,0,0,0,0,0,0,0
TC2_Wph_Vcetype,NUM,0,0,0,0,0,0,0,0,0,0
TM2_PulseMode,NUM,9,9,9,9,9,9,9,9,9,9
TM2_DiffRPMCntr,NUM,1563,1563,1563,1563,1563,1563,1563,1563,1563,1563
TM2_IrphRMS,Amps,0,0,0,0,0,0,0,0,0,0
TM2_IyphRMS,Amps,0,0,0,0,0,0,0,0,0,0
TM2_IbphRMS,Amps,0,0,0,0,0,0,0,0,0,0
TM2_IrybSum,Amps,100,100,100,100,100,100,100,100,100,100
TM2_Vref,NUM,0,0,0,0,0,0,0,0,0,0
TM2_PFAngle,Deg,0,0,0,0,0,0,0,0,0,0
ACC_TC2_Para_1,NUM,0,0,0,0,0,0,0,0,0,0
ACC_TC2_Para_2,NUM,0,0,0,0,0,0,0,0,0,0
ACC_TC2_Para_3,NUM,100,100,100,100,100,100,100,100,100,100
ACC_TC2_Para_4,NUM,0,0,0,0,0,0,0,0,0,0
ACC_TC2_Para_5,NUM,38,38,38,38,38,38,38,38,38,38
TC3_Status_Word,NUM,33028,33028,33028,33028,33028,33028,33028,33028,33028,33028
TMC3_Stall_Torque,N-m,0,0,0,0,0,0,0,0,0,0
TM3_Slip_Speed,RPM,6.9,6.9,6.9,6.9,6.9,6.9,6.9,6.9,6.9,6.9
TC3_Uph_Vcetype,NUM,0,0,0,0,0,0,0,0,0,0
TC3_Vph_Vcetype,NUM,0,0,0,0,0,0,0,0,0,0
TC3_Wph_Vcetype,NUM,0,0,0,0,0,0,0,0,0,0
TM3_PulseMode,NUM,9,9,9,9,9,9,9,9,9,9
TM3_DiffRPMCntr,NUM,531,531,531,531,531,531,531,531,531,531
TM3_IrphRMS,Amps,0,0,0,0,0,0,0,0,0,0
TM3_IyphRMS,Amps,0,0,0,0,0,0,0,0,0,0
TM3_IbphRMS,Amps,0,0,0,0,0,0,0,0,0,0
TM3_IrybSum,Amps,99,99,99,99,99,99,99,99,99,99
TM3_Vref,NUM,0,0,0,0,0,0,0,0,0,0
TM3_PFAngle,Deg,0,0,0,0,0,0,0,0,0,0
ACC_TC3_Para_1,NUM,0,0,0,0,0,0,0,0,0,0
ACC_TC3_Para_2,NUM,0,0,0,0,0,0,0,0,0,0
ACC_TC3_Para_3,NUM,100,100,100,100,100,100,100,100,100,100
ACC_TC3_Para_4,NUM,0,0,0,0,0,0,0,0,0,0
ACC_TC3_Para_5,NUM,38,38,38,38,38,38,38,38,38,38
TC4_Status_Word,NUM,33036,33036,33036,33036,33036,33036,33036,33036,33036,33036
TMC4_Stall_Torque,N-m,0,0,0,0,0,0,0,0,0,0
TM4_Slip_Speed,RPM,6.9,6.9,6.9,6.9,6.9,6.9,6.9,6.9,6.9,6.9
TC4_Uph_Vcetype,NUM,0,0,0,0,0,0,0,0,0,0
TC4_Vph_Vcetype,NUM,0,0,0,0,0,0,0,0,0,0
TC4_Wph_Vcetype,NUM,0,0,0,0,0,0,0,0,0,0
TM4_PulseMode,NUM,9,9,9,9,9,9,9,9,9,9
TM4_DiffRPMCntr,NUM,798,798,798,798,798,798,798,798,798,798
TM4_IrphRMS,Amps,0,0,0,0,0,0,0,0,0,0
TM4_IyphRMS,Amps,0,0,0,0,0,0,0,0,0,0
TM4_IbphRMS,Amps,0,0,0,0,0,0,0,0,0,0
TM4_IrybSum,Amps,100,100,100,100,100,100,100,100,100,100
TM4_Vref,NUM,0,0,0,0,0,0,0,0,0,0
TM4_PFAngle,Deg,0,0,0,0,0,0,0,0,0,0
ACC_TC4_Para_1,NUM,0,0,0,0,0,0,0,0,0,0
ACC_TC4_Para_2,NUM,0,0,0,0,0,0,0,0,0,0
ACC_TC4_Para_3,NUM,100,100,100,100,100,100,100,100,100,100
ACC_TC4_Para_4,NUM,0,0,0,0,0,0,0,0,0,0
ACC_TC4_Para_5,NUM,38,38,38,38,38,38,38,38,38,38
TC5_Status_Word,NUM,33036,33036,33036,33036,33036,33036,33036,33036,33036,33036
TMC5_Stall_Torque,N-m,0,0,0,0,0,0,0,0,0,0
TM5_Slip_Speed,RPM,6.9,6.9,6.9,6.9,6.9,6.9,6.9,6.9,6.9,6.9
TC5_Uph_Vcetype,NUM,0,0,0,0,0,0,0,0,0,0
TC5_Vph_Vcetype,NUM,0,0,0,0,0,0,0,0,0,0
TC5_Wph_Vcetype,NUM,0,0,0,0,0,0,0,0,0,0
TM5_PulseMode,NUM,9,9,9,9,9,9,9,9,9,9
TM5_DiffRPMCntr,NUM,50,50,50,50,50,50,50,50,50,50
TM5_IrphRMS,Amps,0,0,0,0,0,0,0,0,0,0
TM5_IyphRMS,Amps,0,0,0,0,0,0,0,0,0,0
TM5_IbphRMS,Amps,0,0,0,0,0,0,0,0,0,0
TM5_IrybSum,Amps,100,100,100,100,100,100,100,100,100,100
TM5_Vref,NUM,0,0,0,0,0,0,0,0,0,0
TM5_PFAngle,Deg,0,0,0,0,0,0,0,0,0,0
ACC_TC5_Para_1,NUM,0,0,0,0,0,0,0,0,0,0
ACC_TC5_Para_2,NUM,0,0,0,0,0,0,0,0,0,0
ACC_TC5_Para_3,NUM,100,100,100,100,100,100,100,100,100,100
ACC_TC5_Para_4,NUM,0,0,0,0,0,0,0,0,0,0
ACC_TC5_Para_5,NUM,38,38,38,38,38,38,38,38,38,38
TC6_Status_Word,NUM,33036,33036,33036,33036,33036,33036,33036,33036,33036,33036
TMC6_Stall_Torque,N-m,0,0,0,0,0,0,0,0,0,0
TM6_Slip_Speed,RPM,6.9,6.9,6.9,6.9,6.9,6.9,6.9,6.9,6.9,6.9
TC6_Uph_Vcetype,NUM,0,0,0,0,0,0,0,0,0,0
TC6_Vph_Vcetype,NUM,0,0,0,0,0,0,0,0,0,0
TC6_Wph_Vcetype,NUM,0,0,0,0,0,0,0,0,0,0
TM6_PulseMode,NUM,9,9,9,9,9,9,9,9,9,9
TM6_DiffRPMCntr,NUM,515,515,515,515,515,515,515,515,515,515
TM6_IrphRMS,Amps,0,0,0,0,0,0,0,0,0,0
TM6_IyphRMS,Amps,0,0,0,0,0,0,0,0,0,0
TM6_IbphRMS,Amps,0,0,0,0,0,0,0,0,0,0
TM6_IrybSum,Amps,100,100,100,100,100,100,100,100,100,100
TM6_Vref,NUM,0,0,0,0,0,0,0,0,0,0
TM6_PFAngle,Deg,0,0,0,0,0,0,0,0,0,0
ACC_TC6_Para_1,NUM,0,0,0,0,0,0,0,0,0,0
ACC_TC6_Para_2,NUM,0,0,0,0,0,0,0,0,0,0
ACC_TC6_Para_3,NUM,100,100,100,100,100,100,100,100,100,100
ACC_TC6_Para_4,NUM,0,0,0,0,0,0,0,0,0,0
ACC_TC6_Para_5,NUM,38,38,38,38,38,38,38,38,38,38
ALC1_System_Para1,NUM,35808,35808,35808,35808,35808,35808,35808,35808,35808,35808
ALC1_Precharging_Cnt,NUM,1,1,1,1,1,1,1,1,1,1
LC1_DCLVRef,Volts,0,0,0,0,0,0,0,0,0,0
LC1_Is_ref_mag,Amps,0,0,0,0,0,0,0,0,0,0
LC1_VsPeak,Volts,2045.8,2025.1,2054.4,2020.2,2036.1,2045.8,2033.6,2050.7,2034.8,2021.4
LC1_IsPeak,Amps,16,16,16,17.5,20.4,19,17.5,17.5,16,16
LC1_Vs_10mSec_Rms,Volts,1383.1,1393.4,1389.5,1405.6,1390.8,1398.2,1400.4,1399.5,1406.9,1389.7
LC1_IpPeak,Amps,173.5,92.2,55.6,38.8,27.8,21.9,20.5,17.5,15.3,16.8
LC1_OVL_I,Amps,1,1,1,1,1,1,1,1,0.9,1
LC1_Flag_Sts2TC,NUM,0,0,0,0,0,0,0,0,0,0
LC1_DCL_EFlt_V,Volts,1766.7,1754.4,1742.1,1730.9,1719.6,1707.3,1703.2,1694.7,1686.3,1672.7
LC1_Ki_Out,Amps,0,0,0,0,0,0,0,0,0,0
LC1_OHE_Pwr_Der_Fact,NUM,32768,32768,32768,32768,32768,32768,32768,32768,32768,32768
ALC1_System_Para2,NUM,2,2,2,2,2,2,2,2,2,2
ALC1_System_Para3,NUM,0,0,0,0,0,0,0,0,0,0
ALC1_System_Para4,NUM,0,0,0,0,0,0,0,0,0,0
LC1__Is_Rms_With_Ripple,Amps,12.5,12.5,12.6,12.3,13,12.8,12.6,12.5,12.8,12.6
LC1_DCLV_Max,Volts,2370,2366,2340,2383,2308,2288,2293,2275,2266,2300
LC1_PLL_Ph_Err,Deg,0.01,0,0.01,-0.07,0,0,0,0.01,0,0.03
LC1_Is_Ret_Rms,Amps,0,0,0,0,0,0,0,0,0,0
LTC1_Terminal_Temp,Deg c,505,505,505,505,505,505,505,505,505,505
LC1_PWM_Phase_Shift,NUM,0,0,0,0,0,0,0,0,0,0
ALC2_System_Para1,NUM,35808,35808,35808,35808,35808,35808,35808,35808,35808,35808
ALC2_Precharging_Cnt,NUM,1,1,1,1,1,1,1,1,1,1
LC2_DCLVRef,Volts,0,0,0,0,0,0,0,0,0,0
LC2_Is_ref_mag,Amps,0,0,0,0,0,0,0,0,0,0
LC2_VsPeak,Volts,2040.9,2041,2045.8,2020.2,2033.6,2053.2,2039.8,2049.5,2033.6,2023.9
LC2_IsPeak,Amps,10.2,8.7,7.2,8.7,10.2,8.7,7.2,8.7,8.7,10.2
LC2_Vs_10mSec_Rms,Volts,1389,1400.5,1399.5,1404.4,1400.8,1402.8,1402.8,1400.9,1405.3,1400.4
LC2_IpPeak,Amps,171.3,90,52.7,36.6,26.3,19,17.5,15.3,13.1,13.9
LC2_OVL_I,Amps,0.8,0.9,0.9,0.8,0.7,0.8,0.9,0.8,0.7,0.9
LC2_Flag_Sts2TC,NUM,0,0,0,0,0,0,0,0,0,0
LC2_DCL_EFlt_V,Volts,1769.8,1757.5,1746.2,1733.4,1721.6,1710.1,1706.5,1699.1,1686,1675.5
LC2_Ki_Out,Amps,0,0,0,0,0,0,0,0,0,0
LC2_OHE_Pwr_Der_Fact,NUM,32768,32768,32768,32768,32768,32768,32768,32768,32768,32768
ALC2_System_Para2,NUM,0,0,0,0,0,0,0,0,0,0
ALC2_System_Para3,NUM,0,0,0,0,0,0,0,0,0,0
ALC2_System_Para4,NUM,0,0,0,0,0,0,0,0,0,0
LC2__Is_Rms_With_Ripple,Amps,4.1,4.1,4.1,4.1,4.1,3.8,4.1,4.1,4.1,4.1
LC2_DCLV_Max,volts,2383,2417,2409,2366,2391,2342,2310,2306,2290,2257
LC2_PLL_Ph_Err,deg,0.01,0,0.04,-0.02,0.01,0,0,0.03,0.01,0.02
LC2__LFF_I,Amps,0,0,0,0,0,0,0,0,0,0
LTC1_Conv_Temp,Deg c,0,0,0,0,0,0,0,0,0,0
LC2_PWM_Phase_Shift,NUM,342,342,342,342,342,342,342,342,342,342
ALC3_System_Para1,NUM,35808,35808,35808,35808,35808,35808,35808,35808,35808,35808
ALC3_Precharging_Cnt,NUM,1,1,1,1,1,1,1,1,1,1
LC3_DCLVRef,volts,0,0,0,0,0,0,0,0,0,0
LC3_Is_ref_mag,Amps,0,0,0,0,0,0,0,0,0,0
LC3_VsPeak,volts,2043.4,2032.5,2054.4,2017.7,2036.1,2048.3,2034.8,2048.3,2034.8,2023.9
LC3_IsPeak,Amps,11.6,11.6,13.1,10.2,13.1,10.2,14.6,10.2,10.2,10.2
LC3_Vs_10mSec_Rms,volts,1387.6,1394.3,1395.7,1402.3,1398.2,1402.8,1400.8,1398.5,1405.6,1396.3
LC3_IpPeak,Amps,172.1,89.3,53.4,36.6,25.6,19,17.5,14.6,12.4,13.1
LC3_OVL_I,Amps,0.8,0.8,0.8,0.7,0.8,0.8,0.7,0.9,0.8,0.8
LC3_Flag_Sts2TC,NUM,0,0,0,0,0,0,0,0,0,0
LC3_DCL_EFlt_V,Volts,1774.4,1763.4,1750.6,1738,1726.5,1715,1711.6,1702.9,1693.9,1681.1
LC3_Ki_Out,Amps,0,0,0,0,0,0,0,0,0,0
LC3_OHE_Pwr_Der_Fact,NUM,32768,32768,32768,32768,32768,32768,32768,32768,32768,32768
ALC3_System_Para2,NUM,0,0,0,0,0,0,0,0,0,0
ALC3_System_Para3,NUM,0,0,0,0,0,0,0,0,0,0
ALC3_System_Para4,NUM,0,0,0,0,0,0,0,0,0,0
LC3__Is_Rms_With_Ripple,Amps,7.7,7.6,7.7,7.9,7.6,7.7,7.7,7.6,7.4,7.4
LC3_DCLV_Max,Volts,2456,2442,2349,2367,2356,2340,2330,2297,2287,2289
LC3_PLL_Ph_Err,deg,0,0.05,-0.03,0.01,0.01,0.01,0,0.03,0.01,0.01
LC3__LFF_I,Amps,0,0,0,0,0,0,0,0,0,0
LTC2_Terminal_Temp,Deg c,0,0,0,0,0,0,0,0,0,0
LC3_PWM_Phase_Shift,NUM,350.99,350.99,350.99,350.99,350.99,350.99,350.99,350.99,350.99,350.99
ALC4_System_Para1,NUM,35808,35808,35808,35808,35808,35808,35808,35808,35808,35808
ALC4_Precharging_Cnt,NUM,1,1,1,1,1,1,1,1,1,1
LC4_VTOP_GDPSFailOrRxopen,0,NO,NO,NO,NO,NO,NO,NO,NO,NO,NO
LC4_VTOP_DiBydt_Or_OFF2ON,0,NO,NO,NO,NO,NO,NO,NO,NO,NO,NO
LC4_VTOP_Shootthrw_Or_ShortCkt,0,NO,NO,NO,NO,NO,NO,NO,NO,NO,NO
LC4_VTOP_VceHighFreq_Or_ON2OFF,0,NO,NO,NO,NO,NO,NO,NO,NO,NO,NO
LC4_VTOP_GateVoltFlt,0,NO,NO,NO,NO,NO,NO,NO,NO,NO,NO
LC4_VTOP_TxFailure,0,NO,NO,NO,NO,NO,NO,NO,NO,NO,NO
LC4_VTOP_BasedonCnt,0,NO,NO,NO,NO,NO,NO,NO,NO,NO,NO
LC4_DCLVRef,Volts,0,0,0,0,0,0,0,0,0,0
LC4_Is_ref_mag,Amps,0,0,0,0,0,0,0,0,0,0
LC4_VsPeak,Volts,2038.5,2037.4,2050.7,2020.2,2036.1,2054.4,2039.8,2051.9,2033.6,2022.7
LC4_IsPeak,Amps,8.7,7.2,8.7,8.7,7.2,7.2,10.2,8.7,7.2,10.2
LC4_Vs_10mSec_Rms,Volts,1388.8,1400.4,1399.5,1404.2,1402.1,1403,1401.7,1400.5,1405.4,1400.1
LC4_IpPeak,Amps,169.9,88.6,52.7,36.6,26.3,18.3,17.5,13.9,11.7,13.1
LC4_OVL_I,Amps,1,1,1,0.9,1.1,1,1,1,1,1
LC4_Flag_Sts2TC,NUM,0,0,0,0,0,0,0,0,0,0
LC4_DCL_EFlt_V,Volts,1775.7,1763.7,1752.4,1740.6,1728.3,1716.5,1713.4,1704.7,1691.4,1682.2
LC4_Ki_Out,Amps,0,0,0,0,0,0,0,0,0,0
LC4_OHE_Pwr_Der_Fact,NUM,32768,32768,32768,32768,32768,32768,32768,32768,32768,32768
ALC4_System_Para2,NUM,2,2,2,2,2,2,2,2,2,2
ALC4_System_Para3,NUM,0,0,0,0,0,0,0,0,0,0
ALC4_System_Para4,NUM,0,0,0,0,0,0,0,0,0,0
LC4__Is_Rms_With_Ripple,Amps,4.4,4.4,4.4,4.6,4.4,4.1,4.6,4.4,4.4,4.6
LC4_DCLV_Max,Volts,2397,2422,2357,2336,2313,2337,2401,2305,2333,2395
LC4_PLL_Ph_Err,deg,0,0.01,-0.04,0.01,0,0.01,0.01,-0.01,0,0.02
LC4__LFF_I,Amps,0,0,0,0,0,0,0,0,0,0
LTC2_Conv_Temp,Deg c,509,509,509,509,509,509,509,509,509,509
LC4_PWM_Phase_Shift,NUM,333,333,333,333,333,333,333,333,333,333
AC3_Dlg_Spr5,NUM,0,0,0,0,0,0,0,0,0,0
AC3_Dlg_Spr6,NUM,0,0,0,0,0,0,0,0,0,0
Fault_Count,NUM,12,12,12,12,12,12,14,14,14,14
FDP_Remark,NUM,0,0,0,0,0,0,0,0,0,0
DMC_Version_Number,NUM,02.03.07,02.03.07,02.03.07,02.03.07,02.03.07,02.03.07,02.03.07,02.03.07,02.03.07,02.03.07
IDL_Version_Number,NUM,00.00.00,00.00.00,00.00.00,00.00.00,00.00.00,00.00.00,00.00.00,00.00.00,00.00.00,00.00.00
Memory_Card_Version,NUM,00.00.00,00.00.00,00.00.00,00.00.00,00.00.00,00.00.00,00.00.00,00.00.00,00.00.00,00.00.00
LRMS_Version_Number,NUM,08.08.00,08.08.00,08.08.00,08.08.00,08.08.00,08.08.00,08.08.00,08.08.00,08.08.00,08.08.00
Latitude,NUM,23,23,23,23,23,23,23,23,23,23
Longitude,NUM,85,85,85,85,85,85,85,85,85,85
TFT1_SBC_Temperature,NUM,36,36,36,36,36,36,36,36,36,36
TFT1_Backlight_Temperature,NUM,35,35,35,35,35,35,35,35,35,35
TFT2_SBC_Temperature,NUM,33,33,33,33,33,33,33,33,33,33
TFT2_Backlight_Temperature,NUM,31,31,31,31,31,31,31,31,31,31
Loco_ID,NUM,37003,37003,37003,37003,37003,37003,37003,37003,37003,37003
